Date,"Carlsen, Magnus","Ding, Liren","Nepomniachtchi, Ian","Firouzja, Alireza","So, Wesley","Nakamura, Hikaru","Giri, Anish","Caruana, Fabiano","Anand, Viswanathan","Aronian, Levon","Rapport, Richard","Dominguez Perez, Leinier","Mamedyarov, Shakhriyar","Vachier-Lagrave, Maxime","Karjakin, Sergey","Radjabov, Teimour","Grischuk, Alexander",Gukesh D,"Duda, Jan-Krzysztof","Andreikin, Dmitry",Erigaisi Arjun,"Le, Quang Liem","Topalov, Veselin","Wei, Yi","Vitiugov, Nikita","Wang, Hao","Maghsoodloo, Parham","Yu, Yangyi","Harikrishna, Pentala","Vallejo Pons, Francisco","Abdusattorov, Nodirbek","Shankland, Sam","Sargissian, Gabriel","Vidit, Santosh Gujrathi","Sjugirov, Sanan","Dubov, Daniil","Deac, Bogdan-Daniel","Artemiev, Vladislav","Keymer, Vincent","Niemann, Hans Moke","Bu, Xiangzhi","Eljanov, Pavel","Tomashevsky, Evgeny","Van Foreest, Jorden","Wojtaszek, Radoslaw","Alekseenko, Kirill","Robson, Ray","Xiong, Jeffery","Cheparinov, Ivan","Adams, Michael","Fedoseev, Vladimir",Praggnanandhaa R,"Nyzhnyk, Illya","Moussard, Jules","Predke, Alexandr","Sevian, Samuel","Oparin, Grigoriy","Svidler, Peter","Jakovenko, Dmitry","Santos Latasa, Jaime","Almasi, Zoltan","Salem, A.R. Saleh","Navara, David","Martirosyan, Haik M.","Kovalenko, Igor",Nihal Sarin,"Korobov, Anton","Li, Chao b","Kasimdzhanov, Rustam","Esipenko, Andrey","Gelfand, Boris","Saric, Ivan","Naiditsch, Arkadij","Ni, Hua","Amin, Bassem","Howell, David W L","Najer, Evgeniy","Kamsky, Gata",Narayanan.S.L,"Yakubboev, Nodirbek","Matlakov, Maxim","Shirov, Alexei","Sarana, Alexey","Guseinov, Gadir","Inarkiev, Ernesto","Sargsyan, Shant","Ma, Qun","Kryvoruchko, Yuriy","Tabatabaei, M. Amin","Tari, Aryan","Anton Guijarro, David","Sindarov, Javokhir","McShane, Luke J","Swiercz, Dariusz","Berkes, Ferenc","Grandelius, Nils","Malakhov, Vladimir","Bluebaum, Matthias","Bacrot, Etienne","Donchenko, Alexander","Abasov, Nijat","Mamedov, Rauf"
2022-10,2830,2788,2781,2903,2763,2909,2792,2847,2734,2809,2654,2647,2734,2771,2647,2709,2762,2632,2779,2736,2745,2642,2658,2686,2673,2632,2676,2808,2617,2644,2665,2612,2611,2675,2609,2791,2648,2832,2600,2632,2760,2601,2695,2649,2606,2682,2668,2725,2622,2742,2726,2599,2643,2609,2614,2692,2639,2725,2625,2605,2585,2628,2676,2745,2574,2705,2635,2693,2587,2619,2619,2568,2567,2579,2699,2567,2566,2666,2563,2563,2669,2678,2689,2582,2561,2601,2602,2594,2557,2612,2579,2638,2591,2627,2676,2617,2654,2633,2666,2572,2546,2650
2022-09,2830,2788,2791,2795,2763,2850,2792,2847,2734,2850,2613,2708,2710,2812,2611,2685,2762,2619,2779,2736,2745,2642,2658,2686,2673,2690,2611,2808,2574,2644,2665,2645,2561,2654,2609,2791,2648,2832,2585,2632,2760,2601,2695,2649,2606,2682,2670,2714,2622,2742,2726,2599,2643,2609,2614,2692,2639,2725,2625,2605,2585,2628,2676,2745,2560,2705,2635,2693,2681,2619,2619,2548,2497,2579,2699,2559,2562,2666,2504,2525,2669,2678,2689,2581,2639,2601,2602,2594,2544,2612,2579,2638,2591,2627,2676,2617,2654,2633,2666,2572,2528,2666
2022-08,2830,2788,2791,2795,2763,2850,2792,2847,2734,2850,2613,2708,2710,2812,2611,2685,2762,2619,2779,2736,2745,2642,2658,2686,2673,2690,2611,2808,2574,2644,2665,2645,2561,2654,2609,2791,2648,2832,2585,2632,2760,2601,2695,2649,2606,2682,2670,2714,2622,2742,2726,2599,2643,2589,2614,2692,2639,2725,2625,2617,2585,2674,2676,2745,2560,2705,2635,2693,2681,2619,2619,2548,2497,2579,2699,2559,2562,2666,2504,2517,2669,2678,2666,2581,2639,2601,2602,2594,2544,2612,2579,2670,2591,2627,2676,2617,2654,2603,2673,2572,2528,2666
2022-07,2828,2788,2740,2791,2763,2850,2770,2847,2734,2850,2613,2729,2778,2784,2611,2685,2762,2598,2779,2736,2745,2657,2667,2686,2673,2690,2607,2808,2574,2644,2663,2645,2561,2654,2609,2791,2648,2832,2548,2632,2760,2601,2695,2609,2606,2682,2670,2714,2622,2742,2726,2599,2643,2589,2614,2692,2639,2725,2625,2617,2585,2679,2676,2706,2560,2705,2635,2693,2681,2617,2619,2550,2577,2579,2699,2559,2562,2645,2504,2517,2669,2678,2666,2581,2639,2611,2602,2594,2544,2612,2584,2670,2591,2627,2676,2617,2654,2556,2673,2572,2528,2666
2022-06,2832,2788,2740,2791,2742,2850,2766,2847,2728,2850,2613,2729,2778,2813,2611,2705,2762,2598,2779,2736,2745,2657,2667,2686,2673,2712,2607,2808,2574,2644,2663,2645,2561,2654,2602,2791,2648,2832,2548,2632,2760,2601,2695,2609,2606,2682,2670,2714,2622,2742,2726,2599,2643,2589,2614,2692,2639,2725,2625,2617,2585,2679,2686,2706,2560,2705,2635,2693,2681,2617,2619,2550,2577,2579,2699,2559,2562,2645,2494,2517,2669,2678,2666,2581,2639,2611,2602,2594,2544,2567,2584,2670,2591,2627,2676,2617,2654,2556,2673,2572,2528,2666
2022-05,2832,2788,2740,2791,2814,2850,2766,2744,2758,2773,2646,2728,2778,2813,2611,2705,2762,2598,2760,2736,2745,2686,2667,2686,2673,2712,2630,2808,2574,2644,2663,2618,2561,2654,2602,2791,2648,2811,2548,2632,2760,2601,2695,2609,2610,2682,2683,2727,2622,2742,2726,2599,2694,2589,2614,2698,2665,2725,2625,2617,2585,2679,2686,2735,2560,2705,2650,2693,2681,2617,2619,2550,2577,2579,2699,2559,2562,2645,2494,2517,2669,2678,2666,2581,2639,2626,2602,2594,2544,2567,2584,2657,2591,2627,2676,2617,2654,2556,2673,2572,2528,2666
2022-04,2832,2788,2740,2791,2814,2850,2766,2744,2758,2773,2646,2728,2769,2813,2611,2705,2762,2598,2760,2736,2745,2686,2667,2686,2673,2712,2630,2808,2574,2644,2663,2618,2561,2654,2602,2791,2648,2811,2557,2632,2760,2601,2695,2609,2610,2682,2683,2727,2622,2742,2726,2599,2694,2589,2614,2698,2665,2725,2625,2617,2585,2657,2686,2735,2560,2705,2650,2693,2681,2617,2619,2550,2577,2579,2699,2559,2562,2645,2494,2470,2669,2678,2666,2581,2639,2600,2602,2594,2544,2567,2584,2630,2591,2627,2676,2617,2654,2550,2673,2539,2528,2666
2022-03,2832,2788,2740,2791,2814,2850,2766,2744,2758,2773,2646,2728,2769,2813,2611,2705,2762,2598,2760,2736,2745,2686,2667,2686,2673,2712,2630,2808,2574,2644,2663,2618,2561,2654,2602,2791,2646,2811,2557,2632,2760,2601,2695,2609,2610,2682,2683,2727,2622,2742,2726,2599,2694,2557,2614,2698,2665,2725,2625,2617,2585,2657,2686,2735,2560,2705,2650,2693,2681,2617,2649,2550,2577,2579,2699,2559,2562,2645,2494,2470,2669,2678,2666,2581,2639,2600,2602,2594,2544,2567,2584,2630,2591,2627,2676,2617,2654,2550,2673,2539,2528,2666
2022-02,2832,2788,2740,2791,2814,2850,2766,2744,2758,2773,2646,2728,2769,2813,2611,2705,2762,2598,2760,2736,2745,2686,2667,2686,2673,2712,2630,2808,2574,2644,2663,2618,2561,2654,2602,2791,2646,2799,2557,2632,2760,2601,2695,2609,2610,2682,2683,2727,2622,2742,2726,2599,2694,2557,2614,2698,2685,2725,2625,2617,2585,2657,2686,2735,2560,2705,2633,2693,2681,2617,2649,2550,2577,2579,2699,2559,2562,2645,2494,2470,2661,2664,2665,2581,2639,2600,2602,2594,2544,2567,2584,2630,2591,2627,2676,2617,2654,2550,2673,2539,2528,2666
2022-01,2832,2788,2740,2791,2814,2850,2766,2744,2758,2773,2646,2728,2769,2813,2611,2705,2762,2598,2760,2736,2745,2686,2667,2686,2673,2712,2630,2808,2574,2644,2663,2618,2561,2654,2602,2791,2646,2799,2557,2636,2760,2601,2695,2609,2610,2682,2683,2727,2622,2742,2726,2599,2694,2557,2614,2698,2685,2725,2625,2617,2585,2657,2686,2735,2560,2705,2633,2693,2681,2617,2649,2550,2577,2579,2699,2559,2562,2645,2494,2470,2661,2645,2665,2581,2639,2600,2602,2594,2585,2567,2584,2630,2591,2627,2676,2617,2654,2550,2673,2539,2528,2666
2021-12,2892,2788,2792,2810,2814,2884,2778,2803,2825,2740,2754,2728,2754,2787,2657,2705,2757,2506,2792,2736,2765,2686,2667,2686,2673,2712,2655,2808,2614,2644,2686,2618,2661,2628,2589,2749,2646,2830,2557,2680,2760,2602,2695,2566,2730,2663,2683,2727,2594,2742,2690,2599,2694,2570,2627,2698,2580,2725,2625,2561,2585,2642,2763,2707,2638,2705,2710,2693,2681,2617,2647,2543,2577,2579,2617,2647,2551,2645,2570,2470,2614,2640,2672,2581,2639,2537,2602,2594,2585,2656,2668,2452,2591,2627,2676,2617,2654,2609,2673,2494,2528,2686
2021-11,2892,2788,2792,2810,2814,2884,2778,2765,2825,2767,2754,2728,2754,2838,2657,2705,2757,2376,2792,2736,2616,2774,2667,2686,2673,2712,2601,2808,2614,2644,2690,2660,2596,2739,2653,2747,2605,2830,2557,2592,2760,2602,2695,2600,2730,2663,2683,2699,2661,2742,2716,2599,2694,2644,2580,2668,2604,2709,2625,2561,2585,2642,2758,2656,2629,2667,2718,2693,2693,2592,2650,2575,2577,2579,2617,2666,2551,2645,2570,2464,2652,2640,2689,2581,2639,2537,2602,2617,2555,2656,2613,2465,2591,2689,2676,2651,2654,2681,2673,2490,2522,2678
2021-10,2892,2788,2792,2810,2814,2884,2778,2765,2825,2767,2754,2728,2754,2838,2657,2705,2757,2376,2792,2736,2616,2774,2667,2686,2673,2712,2601,2808,2614,2655,2690,2660,2596,2739,2654,2747,2605,2761,2524,2592,2760,2602,2695,2600,2730,2663,2683,2699,2661,2742,2716,2599,2694,2644,2580,,2604,2709,2625,2561,2585,2642,2758,2656,2629,2689,2718,2693,2693,2578,2650,2575,2577,2579,2617,2653,2551,2603,2570,2464,2652,2640,2671,2581,2639,2537,2602,2617,2555,2656,2613,2465,2591,2689,2676,2651,2654,2681,2673,2490,2522,2678
2021-09,2892,2788,2792,2810,2814,2884,2778,2765,2825,2767,2754,2728,2754,2838,2657,2705,2757,2376,2792,2736,2616,2774,2667,2686,2673,2712,2601,2808,2614,2655,2690,2660,2596,2739,2654,2722,2605,2761,2524,2554,2760,2602,2695,2600,2730,2663,2683,2699,2661,2742,2716,2599,2694,2644,2612,,2604,2709,2625,2561,2585,2642,2758,2656,2643,2689,2703,2693,2693,2578,2650,2575,2577,2579,2617,2643,2551,2603,2570,2464,2652,2640,2671,2581,2639,2537,2602,2617,2555,2656,2613,2465,2591,2689,2676,2651,2654,2681,2673,2490,2522,2657
2021-08,2886,2788,2776,2810,2861,2900,2778,2734,2825,2767,2776,2654,2755,2850,2765,2705,2777,2376,2792,2782,2609,2690,2667,2686,2673,2712,2601,2808,2614,2643,2662,2704,2596,2735,2472,2722,2605,2783,2474,2554,2760,2602,2695,2600,2730,2580,2683,2724,2661,2742,2756,2555,2694,2644,2642,,2628,2743,2625,2556,2585,2642,2758,2656,2652,2658,2703,2693,2693,2595,2691,2575,2577,2579,2617,2643,2578,2644,2617,2519,2760,2658,2646,2581,2639,2549,2602,2617,2555,2656,2629,2465,2591,2689,2676,2651,2654,2685,2673,2509,2522,2657
2021-07,2886,2788,2807,2810,2861,2900,2744,2734,2785,2767,2776,2654,2716,2794,2765,2705,2765,2376,2799,2782,2609,2690,2667,2686,2673,2712,2601,2808,2614,2643,2662,2704,2596,2735,2472,2722,2605,2783,2474,2554,2760,2602,2695,2622,2730,2580,2683,2724,2661,2742,2756,2555,2694,2644,2642,,2628,2743,2625,2556,2585,2642,2758,2656,2652,2658,2668,2693,2693,2595,2691,2575,2577,2579,2617,2643,2578,2644,2617,2519,2760,2682,2646,2581,2639,2549,2602,2617,2555,2656,2629,2465,2591,2689,2676,2651,2654,2685,2673,2553,2522,2657
2021-06,2886,2788,2785,2770,2816,2900,2744,2711,2785,2739,2759,2654,2716,2822,2765,2757,2765,2376,2799,2782,2609,2690,2667,2686,2673,2712,2601,2808,2614,2643,2662,2704,2596,2735,2472,2722,2605,2783,2474,2492,2760,2602,2695,2622,2730,2580,2683,2724,2661,2742,2756,2555,2694,2644,2642,,2628,2754,2625,2556,2585,2642,2758,2656,2652,2658,2668,2693,2693,2595,2693,2560,2577,2579,2617,2643,2578,2644,2617,2519,2760,2682,2629,2581,2639,2549,2602,2617,2555,2656,2629,2465,2591,2689,2675,2651,2654,2685,2673,2553,2544,2657
2021-05,2886,2788,2785,2770,2816,2900,2744,2711,2785,2739,2759,2654,2716,2822,2765,2757,2765,2376,2799,2782,2609,2690,2667,2686,2673,2712,2601,2808,2614,2643,2662,2704,2596,2735,2472,2722,2605,2783,2474,2492,2760,2602,2695,2622,2730,2580,2637,2724,2661,2742,2756,2555,2694,2644,2642,,2628,2754,2625,2556,2585,2659,2758,2656,2652,2658,2718,2693,2693,2595,2693,2560,2577,2579,2617,2643,2578,2644,2617,2519,2760,2682,2629,2581,2639,2549,2602,2617,2555,2656,2629,2465,2591,2661,2675,2651,2654,2685,2673,2553,2544,2663
2021-04,2886,2788,2785,2770,2816,2900,2744,2711,2785,2739,2759,2654,2716,2822,2765,2757,2765,2376,2799,2782,2609,2690,2667,2686,2673,2712,2601,2808,2614,2643,2662,2704,2596,2735,2472,2722,2605,2783,2474,2492,2760,2602,2695,2622,2730,2580,2637,2724,2661,2742,2756,2555,2694,2644,2642,,2628,2754,2625,2556,2585,2659,2758,2597,2652,2658,2718,2693,2693,2595,2693,2560,2577,2579,2617,2643,2578,2644,2617,2519,2760,2682,2629,2581,2639,2549,2602,2617,2555,2656,2629,2465,2591,2661,2675,2651,2654,2685,2673,2553,2544,2663
2021-03,2886,2788,2785,2770,2816,2900,2744,2711,2785,2739,2759,2654,2716,2822,2765,2757,2765,2376,2799,2782,2609,2690,2667,2686,2673,2712,2601,2808,2614,2643,2662,2704,2596,2735,2472,2722,2605,2783,2474,2492,2760,2602,2695,2622,2730,2580,2637,2724,2661,2742,2756,2555,2694,2644,2642,,2628,2754,2625,2556,2585,2659,2758,2597,2652,2658,2718,2693,2693,2595,2693,2560,2577,2579,2617,2643,2578,2644,2617,2519,2760,2682,2629,2581,2639,2549,2602,2617,2555,2656,2629,2465,2591,2661,2675,2651,2654,2685,2673,2553,2544,2663
2021-02,2886,2788,2785,2770,2816,2900,2752,2711,2785,2739,2759,2654,2716,2822,2765,2757,2765,2376,2799,2782,2609,2690,2667,2686,2673,2712,2601,2808,2614,2643,2662,2704,2596,2735,2472,2722,2605,2783,2474,2449,2760,2602,2695,2614,2730,2580,2637,2724,2665,2742,2756,2555,2694,2644,2642,,2628,2754,2625,2556,2585,2659,2758,2597,2652,2658,2718,2693,2693,2595,2693,2560,2577,2579,2617,2643,2578,2644,2617,2519,2760,2682,2629,2581,2639,2549,2602,2617,2555,2656,2629,2465,2591,2661,2675,2651,2654,2685,2673,2553,2544,2663
2021-01,2886,2788,2785,2770,2816,2900,2752,2711,2785,2739,2759,2654,2716,2822,2765,2757,2765,2376,2799,2782,2609,2690,2667,2686,2673,2712,2601,2808,2614,2643,2662,2704,2596,2735,2472,2722,2605,2783,2474,2364,2760,2602,2695,2614,2730,2580,2637,2724,2665,2742,2756,2555,2694,2644,2642,,2628,2754,2625,2553,2585,2659,2758,2597,2652,2658,2755,2693,2693,2595,2693,2560,2577,2579,2617,2643,2578,2644,2617,2519,2760,2682,2629,2581,2639,2549,2602,2617,2555,2656,2629,2465,2591,2661,2675,2651,2654,2685,2673,2553,2544,2663
2020-12,2886,2788,2785,2770,2816,2900,2752,2711,2785,2739,2759,2654,2716,2822,2765,2757,2765,2376,2799,2782,2609,2690,2667,2686,2673,2712,2601,2808,2614,2643,2662,2704,2596,2735,2472,2722,2605,2783,2474,2364,2760,2602,2695,2614,2730,2580,2637,2724,2665,2742,2756,2555,2694,2644,2642,,2628,2754,2625,2553,2585,2659,2758,2597,2652,2658,2755,2693,2693,2595,2693,2560,2577,2579,2617,2643,2578,2644,2617,2519,2760,2682,2629,2581,2639,2549,2602,2617,2555,2656,2629,2465,2591,2661,2675,2651,2654,2685,2673,2553,2544,2663
2020-11,2886,2788,2785,2770,2816,2900,2752,2711,2785,2739,2759,2654,2716,2822,2765,2757,2765,2376,2799,2782,2609,2690,2667,2686,2673,2712,2601,2808,2614,2643,2662,2704,2596,2735,2472,2722,2605,2783,2474,2364,2760,2602,2695,2614,2730,2580,2637,2724,2665,2742,2756,2555,2694,2644,2642,,2628,2754,2625,2553,2585,2659,2758,2597,2652,2658,2762,2693,2693,2595,2693,2560,2577,2579,2617,2643,2578,2644,2617,2519,2760,2682,2673,2581,2639,2549,2602,2617,2555,2656,2622,2465,2591,2661,2675,2651,2654,2685,2673,2553,2544,2663
2020-10,2886,2788,2785,2770,2816,2900,2752,2711,2785,2739,2759,2654,2716,2822,2765,2757,2765,2376,2799,2782,2609,2690,2667,2686,2673,2712,2601,2808,2614,2615,2662,2704,2596,2735,2472,2722,2605,2783,2474,2364,2760,2602,2695,2603,2730,2580,2637,2724,2665,2742,2756,2555,2694,2644,2642,,2628,2754,2625,2553,2585,2659,2758,2597,2652,2658,2724,2693,2693,2595,2693,2560,2577,2579,2617,2677,2578,2644,2617,2519,2760,2682,2673,2581,2639,2549,2602,2617,2555,2656,2622,2465,2591,2661,2675,2651,2654,2685,2673,2553,2544,2660
2020-09,2886,2788,2785,2770,2816,2900,2752,2711,2785,2739,2759,2654,2716,2822,2765,2757,2765,2376,2799,2782,2609,2690,2667,2686,2673,2712,2601,2808,2614,2615,2662,2704,2596,2735,2472,2722,2605,2783,2474,2364,2760,2602,2695,2603,2730,2580,2637,2724,2665,2742,2756,2555,2694,2644,2642,,2628,2754,2625,2553,2585,2659,2758,2597,2652,2658,2711,2693,2693,2595,2693,2560,2577,2579,2617,2677,2578,2644,2617,2519,2760,2682,2673,2581,2639,2549,2602,2617,2555,2656,2622,2465,2591,2661,2675,2651,2654,2685,2673,2553,2544,2660
2020-08,2886,2788,2785,2770,2816,2900,2752,2711,2785,2739,2759,2654,2716,2822,2765,2757,2765,2376,2799,2782,2609,2690,2667,2686,2673,2712,2601,2808,2614,2615,2662,2704,2596,2735,2472,2722,2605,2783,2474,2364,2760,2602,2695,2603,2730,2580,2637,2724,2665,2742,2756,2555,2694,2644,2642,,2628,2754,2625,2553,2585,2659,2737,2597,2696,2658,2677,2693,2693,2595,2693,2560,2577,2579,2617,2677,2578,2644,2617,2519,2760,2669,2673,2581,2639,2549,2602,2617,2555,2656,2622,2465,2591,2661,2675,2651,2654,2619,2673,2556,2544,2660
2020-07,2886,2788,2785,2770,2816,2900,2752,2711,2785,2739,2759,2654,2716,2822,2765,2757,2765,2376,2799,2782,2609,2690,2667,2686,2673,2712,2601,2808,2663,2615,2662,2704,2596,2735,2472,2722,2605,2783,2476,2364,2760,2602,2695,2603,2690,2580,2637,2724,2665,2709,2756,2555,2694,2644,2642,,2628,2754,2625,2553,2585,2659,2737,2597,2696,2658,2679,2693,2693,2595,2693,2560,2581,2579,2617,2677,2578,2644,2617,2519,2760,2667,2673,2581,2639,2549,2602,2617,2555,2656,2590,2465,2591,2661,2675,2651,2654,2619,2673,2556,2544,2660
2020-06,2886,2788,2785,2750,2816,2900,2752,2711,2785,2739,2759,2654,2716,2822,2765,2757,2765,2376,2799,2782,2609,2690,2667,2686,2673,2712,2601,2808,2663,2615,2662,2704,2596,2755,2472,2722,2605,2783,2476,2364,2760,2602,2695,2603,2690,2580,2637,2724,2665,2709,2756,2555,2694,2644,2642,,2628,2754,2625,2553,2585,2659,2737,2597,2696,2658,2667,2693,2693,2595,2693,2560,2581,2579,2617,2677,2578,2644,2617,2519,2760,2651,2673,2581,2639,2549,2602,2617,2555,2656,2590,2465,2591,2661,2675,2651,2654,2619,2673,2556,2544,2660
2020-05,2886,2788,2785,2750,2816,2900,2752,2711,2785,2739,2759,2654,2716,2822,2765,2757,2765,2376,2799,2782,2609,2690,2667,2686,2673,2712,2601,2808,2663,2615,2662,2704,2596,2755,2472,2722,2605,2783,2476,2364,2760,2602,2695,2603,2690,2580,2637,2724,2665,2709,2756,2555,2694,2644,2642,,2628,2754,2625,2553,2585,2659,2737,2597,2696,2658,2667,2693,2693,2595,2693,2560,2581,2579,2617,2677,2578,2644,2617,2519,2760,2651,2673,2581,2639,2549,2602,2617,2555,2656,2590,2465,2591,2661,2675,2651,2654,2619,2673,2556,2544,2660
2020-04,2886,2788,2785,2750,2816,2900,2752,2711,2785,2739,2759,2654,2716,2822,2765,2757,2765,2376,2799,2782,2609,2690,2667,2686,2673,2712,2601,2808,2663,2615,2662,2704,2596,2755,2472,2722,2605,2783,2476,2364,2760,2602,2695,2603,2690,2580,2637,2724,2665,2709,2756,2555,2694,2644,2642,,2628,2754,2625,2553,2585,2659,2737,2597,2696,2658,2667,2693,2693,2595,2693,2560,2581,2579,2617,2677,2578,2644,2617,2519,2760,2651,2673,2581,2639,2549,2602,2617,2555,2656,2590,2465,2591,2661,2675,2651,2654,2619,2673,2556,2544,2660
2020-03,2886,2788,2779,2750,2816,2900,2752,2711,2785,2739,2759,2654,2716,2822,2749,2757,2765,2376,2799,2782,2603,2690,2667,2686,2673,2712,2711,2808,2663,2615,2633,2704,2646,2755,2557,2710,2537,2810,2476,2364,2760,2602,2695,2603,2690,2580,2637,2724,2665,2709,2756,2556,2694,2644,2642,,2628,2754,2625,2553,2585,2659,2737,2554,2696,2658,2656,2693,2693,2587,2693,2560,2581,2579,2617,2677,2578,2644,2607,2519,2760,2651,2686,2581,2639,2485,2602,2617,2555,2656,2590,2458,2591,2661,2675,2651,2654,2619,2673,2556,2544,2674
2020-02,2886,2788,2779,2750,2816,2900,2752,2711,2785,2739,2759,2654,2716,2822,2749,2757,2765,2376,2799,2782,2603,2690,2667,2686,2673,2712,2711,2808,2663,2615,2633,2704,2646,2755,2557,2710,2537,2810,2476,2364,2760,2602,2695,2603,2690,2580,2637,2724,2665,2709,2756,2556,2694,2644,2642,,2628,2754,2625,2553,2585,2659,2737,2554,2739,2658,2656,2693,2693,2584,2693,2560,2581,2579,2617,2677,2578,2644,2607,2519,2760,2651,2686,2581,2639,2485,2602,2617,2555,2656,2590,2458,2591,2661,2675,2651,2654,2619,2673,2530,2544,2674
2020-01,2886,2788,2779,2750,2816,2900,2752,2711,2785,2739,2759,2654,2716,2822,2749,2757,2765,2376,2799,2782,2604,2690,2667,2686,2673,2712,2742,2808,2663,2615,2633,2704,2646,2755,2557,2710,2537,2810,2476,2375,2760,2602,2695,2603,2690,2580,2637,2724,2665,2709,2756,2556,2694,2643,2642,,2628,2754,2625,2557,2585,2659,2737,2554,2699,2666,2657,2693,2693,2584,2693,2560,2581,2579,2635,2677,2578,2644,2607,2519,2760,2654,2686,2563,2639,2485,2602,2617,2513,2634,2590,2456,2591,2661,2675,2651,2654,2619,2692,2530,2544,2674
2019-12,2865,2830,2826,2649,2816,2885,2769,2711,2785,2698,2759,2715,2706,2768,2836,2757,2741,2360,2796,2780,2604,2768,2667,2686,2719,2714,2742,2807,2653,2642,2600,2704,2676,2756,2682,2736,2537,2793,2476,2286,2767,2602,2624,2603,2675,2569,2637,2724,2647,2775,2714,2567,2694,2602,2566,,2628,2805,2667,2557,2585,2608,2688,2554,2699,2685,2720,2693,2693,2582,2700,2560,2581,2579,2685,2650,2578,2699,2607,2543,2720,2642,2657,2632,2556,2485,2591,2617,2513,2689,2674,2456,2602,2661,2675,2625,2654,2590,2692,2577,2544,2670
2019-11,2828,2840,2830,2649,2763,2871,2740,2774,2791,2818,2759,2715,2740,2768,2829,2770,2741,2360,2796,2780,2604,2680,2667,2686,2719,2714,2742,2807,2617,2642,2600,2704,2676,2744,2682,2723,2544,2779,2476,2278,2767,2602,2624,2603,2675,2569,2637,2724,2647,2775,2714,2604,2694,2602,2566,,2628,2805,2667,2557,2585,2608,2688,2554,2699,2685,2771,2693,2693,2582,2700,2560,2581,2579,2685,2650,2578,2699,2607,2543,2720,2642,2657,2632,2556,2485,2591,2617,2513,2689,2674,2456,2602,2661,2675,2625,2654,2590,2692,2577,2544,2670
2019-10,2828,2867,2820,2649,2763,2871,2750,2774,2791,2818,2759,2704,2740,2763,2829,2743,2741,2360,2812,2780,2604,2680,2667,2686,2714,2725,2742,2812,2617,2642,2600,2704,2676,2744,2682,2723,2544,2779,2476,2278,2767,2602,2634,2603,2675,2608,2637,2708,2647,2796,2714,2604,2694,2592,2566,,2644,2805,2672,2557,2585,2608,2688,2554,2663,2685,2771,2693,2693,2582,2700,2560,2581,2579,2685,2650,2568,2699,2607,2543,2720,2642,2657,2632,2556,2485,2591,2617,2513,2689,2674,2456,2626,2659,2675,2625,2654,2590,2692,2577,2534,2670
2019-09,2828,2867,2820,2649,2763,2871,2750,2774,2791,2818,2759,2704,2740,2763,2829,2743,2741,2360,2812,2780,2604,2680,2667,2686,2714,2725,2742,2812,2617,2642,2600,2704,2676,2744,2682,2676,2544,2779,2476,2278,2767,2585,2634,2603,2675,2608,2637,,2647,2796,2714,2604,2694,2592,2566,,2644,2805,2672,2557,2585,2608,2688,2554,2663,2685,2771,2693,2693,2582,2700,2560,2581,2579,2685,2650,2568,2688,2607,2543,2720,2642,2666,2632,2556,2485,2591,2617,2513,2689,2674,2456,2626,2659,2675,2625,2654,2590,2692,2577,2534,2635
2019-08,2920,2779,2815,2649,2763,2902,2772,2772,2730,2840,2736,2703,2787,2939,2798,2743,2733,2299,2778,2780,2604,2680,2667,2686,2714,2725,2729,2718,2605,2642,2600,2704,2676,2744,2682,2642,2544,2779,2476,2278,2767,2585,2634,2603,2675,2608,2637,,2647,2796,2714,2579,2694,2613,2566,,2644,2805,2672,2557,2585,2630,2688,2554,2718,2685,2771,2693,2693,2571,2700,2560,2581,2579,2658,2650,2568,2670,2607,2543,2720,2640,2666,2632,2549,2463,2591,2664,2528,2672,2674,2443,2626,2659,2675,2625,2654,2590,2692,2577,2534,2635
2019-07,2920,2779,2815,2649,2749,2902,2770,2772,2730,2848,2736,2703,2778,2948,2814,2743,2733,2281,2778,2780,2494,2680,2667,2686,2725,2725,2719,2710,2605,2642,2550,2660,2676,2694,2682,2642,2544,2779,2464,2278,2767,2585,2634,2603,2675,2608,2637,,2647,2796,2684,2579,2694,2643,2596,,2644,2805,2672,2557,2585,2641,2692,2558,2627,2685,2771,2693,2693,2571,2700,2560,2581,2579,2658,2650,2568,2670,2607,2543,2720,2612,2666,2682,2549,2463,2591,2664,2536,2672,2674,2443,2648,2659,2675,2603,2654,2590,2692,2613,2534,2635
2019-06,2923,2773,2815,2660,2759,2902,2770,2804,2747,2827,2736,2703,2757,2921,2814,2743,2750,2259,2778,2780,2464,2674,2667,2686,2725,2725,2719,2705,2605,2642,2550,2660,2676,2724,2682,2642,2544,2779,2434,2278,2767,2585,2634,2603,2675,2608,2614,,2647,2796,2684,2554,2698,2635,2596,,2644,2805,2672,2557,2585,2641,2692,2558,2672,2654,2771,2693,2693,2571,2700,2560,2581,2579,2658,2650,2568,2670,2597,2514,2720,2612,2666,2682,2549,2463,2591,2664,2536,2621,2674,2443,2648,2647,2675,2603,2654,2520,2692,2586,2534,2635
2019-05,2954,2773,2778,2660,2744,2934,2770,2804,2747,2827,2674,2743,2757,2933,2817,2743,2750,2259,2778,2792,2464,2699,2682,2641,2725,2688,2719,2724,2605,2642,2550,2660,2599,2715,2682,2642,2544,2779,2434,2278,2671,2585,2634,2603,2675,2580,2614,,2694,2796,2684,2554,2698,2594,2596,,2644,2805,2672,2538,2585,2666,2692,2558,2644,2654,2738,2693,2693,2571,2706,2560,2581,2579,2662,2650,2568,2670,2597,2514,2717,2612,2666,2707,2549,2463,2591,2664,2536,2621,2674,2443,2648,2647,2675,2603,2654,2520,2692,2586,2487,2730
2019-04,2954,2773,2778,2660,2744,2934,2770,2804,2747,2827,2674,2743,2757,2933,2817,2743,2750,2259,2778,2792,2464,2682,2682,2641,2725,2688,2719,2724,2605,2642,2550,2660,2608,2715,2682,2642,2544,2779,2434,2278,2671,2585,2634,2603,2662,2580,2614,,2694,2796,2684,2554,2698,2594,2596,,2644,2805,2672,2538,2585,2675,2692,2558,2644,2654,2738,2693,2693,2571,2728,2560,2581,2579,2662,2650,2568,2670,2597,2514,2717,2612,2666,2707,2549,2463,2591,2664,2536,2621,2674,2421,2648,2647,2675,2603,2654,2520,2692,2586,2487,2730
2019-03,2954,2773,2834,2724,2744,2934,2770,2806,2747,2827,2674,2743,2757,2933,2781,2743,2763,2106,2778,2792,2464,2682,2682,2672,2725,2722,2651,2724,2605,2642,2560,2660,2620,2715,2714,2726,2513,2828,2434,2278,2671,2585,2605,2655,2662,2631,2614,,2694,2796,2715,2438,2698,2594,2596,,2644,2805,2664,2538,2585,2659,2692,2523,2662,2626,2714,2693,2693,2612,2728,2560,2581,2579,2662,2650,2568,2670,2571,2458,2717,2612,2640,2707,2667,2406,2591,2664,2606,2600,2575,2449,2648,2583,2675,2603,2654,2520,2692,2613,2487,2699
2019-02,2954,2773,2834,2724,2775,2894,2770,2770,2747,2827,2695,2717,2757,2933,2781,2743,2763,2106,2818,2792,2464,2682,2708,2672,2725,2722,2668,2724,2641,2642,2560,2639,2588,2715,2714,2726,2513,2828,2434,2278,2671,2585,2605,2655,2662,2631,2614,,2694,2796,2715,2438,2698,2594,2596,,2644,2805,2664,2538,2585,2651,2661,2523,2662,2626,2714,2693,2693,2612,2728,2560,2581,2579,2662,2650,2568,2670,2571,2458,2717,2612,2628,2707,2667,2406,2591,2664,2608,2600,2575,2449,2648,2583,2675,2603,2654,2520,2692,2613,2487,2699
2019-01,2954,2773,2834,2724,2775,2894,2770,2770,2747,2827,2695,2717,2757,2933,2781,2743,2763,2106,2818,2792,2464,2682,2708,2672,2725,2722,2668,2724,2641,2642,2560,2639,2610,2715,2714,2726,2513,2828,2434,2299,2671,2585,2605,2655,2662,2631,2614,,2694,2796,2715,2438,2698,2594,2596,,2644,2805,2664,2538,2585,2625,2661,2523,2692,2626,2714,2693,2693,2612,2728,2560,2581,2579,2662,2650,2568,2670,2571,2458,2717,2612,2628,2690,2667,2406,2591,2664,2608,2588,2575,2449,2648,2583,2675,2603,2654,2520,2693,2623,2473,2699
2018-12,2939,2773,2846,2667,2775,2889,2751,2767,2832,2858,2695,2717,2754,2937,2759,2743,2825,2106,2694,2777,2464,2749,2708,2672,2696,2775,2642,2804,2702,2673,2469,2639,2651,2712,2748,2743,2513,2825,2434,2299,2671,2585,2602,2657,2662,2665,2614,,2618,2782,2750,2438,2698,2594,2482,,2641,2770,2616,2538,2585,2644,2707,2523,2693,2506,2677,2693,2693,2673,2722,2572,2581,2579,2660,2679,2573,2657,2571,2388,2653,2699,2616,2708,2674,2406,2591,2664,2584,2608,2631,2449,2646,2583,2675,2603,2654,2520,2693,2623,2473,2741
2018-11,2939,2773,2846,2667,2771,2893,2751,2767,2786,2854,2695,2717,2808,2937,2836,2743,2825,2106,2694,2777,2464,2749,2708,2672,2696,2775,2658,2804,2706,2673,2466,2639,2647,2727,2748,2743,2513,2825,2434,2299,2671,2585,2602,2657,2662,2665,2614,,2618,2782,2750,2366,2698,2594,2482,,2641,2770,2616,2538,2585,2639,2707,2523,2702,2506,2677,2693,2693,2673,2722,2572,2581,2579,2660,2679,2573,2657,2571,2364,2653,2699,2616,2708,2674,2406,2591,2664,2584,2608,2631,2449,2646,2583,2675,2603,2654,2520,2693,2623,2473,2741
2018-10,2939,2773,2846,2667,2771,2893,2751,2767,2786,2854,2695,2717,2808,2937,2836,2743,2825,2106,2694,2777,2464,2749,2708,2672,2696,2775,2658,2804,2706,2673,2496,2639,2647,2727,2711,2706,2513,2849,2434,2299,2671,2585,2694,2657,2662,2613,2614,,2618,2782,2750,2366,2698,2594,2482,,2550,2770,2616,2538,2585,2639,2707,2523,2702,2506,2677,2693,2693,2634,2722,2572,2581,2579,2660,2679,2573,2686,2571,2354,2705,2678,2532,2708,2674,2406,2591,2664,2584,2608,2631,2427,2646,2583,2675,2603,2630,2520,2693,2623,2473,2741
2018-09,2939,2773,2846,2649,2771,2893,2751,2767,2786,2854,2695,2717,2808,2937,2836,2743,2825,2106,2694,2777,2464,2749,2708,2672,2696,2775,2658,2804,2706,2673,2496,2639,2634,2727,2711,2740,2513,2849,2434,2299,2671,2585,2694,2657,2662,2624,2614,,2618,2782,2750,2366,2698,2594,2482,,2550,2770,2616,2538,2585,2634,2707,2523,2696,2506,2677,2693,2693,2634,2722,2572,2581,2579,2660,2649,2563,2686,2571,2354,2705,2678,2532,2669,2674,2406,2591,2664,2584,2608,2631,2427,2646,2583,2675,2603,2630,2520,2693,2623,2473,2745
2018-08,2939,2773,2846,2627,2800,2913,2751,2709,2812,2871,2695,2687,2795,2878,2898,2743,2831,2168,2694,2777,2412,2736,2708,2672,2696,2777,2683,2804,2706,2673,2539,2639,2635,2727,2712,2740,2558,2849,2434,2272,2671,2585,2694,2657,2638,2592,2614,,2637,2768,2686,2335,2698,2593,2482,,2550,2770,2616,2519,2585,2706,2707,2523,2695,2467,2682,2693,2693,2634,2722,2572,2581,2579,2660,2649,2563,2685,2507,2353,2705,2678,2532,2669,2674,2406,2591,2664,2618,2608,2635,2449,2660,2583,2675,2603,2630,2520,2693,2578,2473,2745
2018-07,2939,2773,2846,2629,2800,2913,2751,2709,2812,2871,2695,2687,2795,2878,2898,2743,2831,2052,2694,2777,2412,2736,2708,2672,2696,2777,2650,2804,2706,2673,2529,2639,2635,2727,2712,2740,2514,2849,2434,2272,2671,2585,2694,2657,2638,2592,2614,,2637,2768,2686,2335,2698,2593,2482,,2550,2770,2616,2502,2585,2706,2707,2523,2695,2488,2682,2693,2693,2634,2722,2572,2581,2579,2697,2649,2563,2685,2507,2353,2705,2662,2532,2626,2674,2406,2591,2664,2587,2608,2635,2392,2660,2583,2675,2603,2630,2520,2693,2562,2473,2745
2018-06,2939,2773,2846,2597,2856,2878,2799,2818,2817,2809,2695,2687,2757,2837,2816,2743,2831,1951,2708,2777,2412,2736,2708,2694,2696,2779,2690,2799,2706,2673,2529,2639,2545,2727,2712,2740,2514,2849,2434,2272,2671,2585,2694,2657,2682,2592,2614,,2637,2768,2686,2335,2689,2593,2482,,2550,2786,2616,2502,2585,2717,2707,2523,2736,2488,2682,2693,2693,2634,2722,2572,2581,2579,2697,2649,2563,2685,2507,2353,2705,2662,2532,2626,2674,2406,2591,2664,2587,2590,2635,2392,2660,2621,2675,2603,2630,2520,2693,2562,2473,2745
2018-05,2965,2793,2846,2632,2824,2869,2776,2814,2784,2843,2695,2687,2730,2839,2838,2743,2831,1951,2687,2777,2368,2736,2708,2694,2696,2779,2690,2799,2727,2683,2529,2639,2501,2727,2715,2740,2514,2849,2261,2272,2671,2585,2640,2599,2682,2579,2614,,2637,2768,2686,2335,2689,2521,2482,,2550,2779,2616,2502,2585,2744,2734,2523,2736,2488,2681,2684,2693,2678,2722,2572,2581,2579,2709,2649,2563,2685,2507,2364,2705,2656,2540,2631,2674,2386,2591,2664,2587,2590,2635,2392,2660,2621,2675,2593,2630,2522,2687,2575,2473,2745
2018-04,2965,2793,2846,2632,2824,2869,2776,2814,2784,2843,2695,2687,2730,2839,2838,2743,2831,1715,2687,2777,2345,2736,2708,2694,2696,2779,2714,2799,2727,2683,2529,2639,2501,2727,2715,2740,2494,2824,2261,2272,2671,2585,2640,2599,2682,2579,2614,,2637,2768,2686,2335,2689,2521,2482,,2550,2779,2616,2502,2585,2756,2734,2523,2686,2488,2676,2684,2693,2678,2722,2572,2581,2579,2709,2649,2563,2685,2486,2364,2705,2656,2540,2631,2674,2386,2591,2664,2548,2566,2635,2392,2660,2621,2675,2593,2630,2522,2687,2575,2473,2745
2018-03,2965,2793,2768,2641,2824,2842,2776,2814,2801,2843,2695,2687,2714,2839,2868,2743,2846,1715,2687,2828,2193,2736,2708,2694,2696,2779,2635,2799,2727,2683,2453,2639,2587,2706,2703,2767,2466,2834,2261,2272,2671,2585,2640,2599,2682,2611,2614,,2637,2768,2688,2207,2689,2521,2511,,2591,2793,2616,2502,2585,2748,2734,2461,2686,2364,2732,2684,2693,2683,2745,2572,2581,2579,2709,2649,2596,2703,2566,2398,2696,2656,2516,2631,2628,2470,2591,2664,2541,2593,2635,2392,2660,2621,2675,2593,2630,2583,2687,2547,2473,2690
2018-02,2965,2793,2768,2641,2824,2853,2776,2814,2801,2833,2695,2687,2714,2839,2868,2743,2846,1715,2687,2828,2193,2736,2708,2694,2696,2779,2635,2799,2727,2683,2463,2639,2587,2706,2703,2767,2466,2834,2261,2272,2671,2585,2640,2599,2682,2611,2614,,2637,2768,2688,2207,2689,2521,2511,,2560,2793,2616,2502,2585,2743,2734,2461,2686,2364,2732,2684,2693,2683,2745,2572,2581,2579,2709,2649,2596,2703,2566,2398,2696,2656,2470,2631,2628,2470,2591,2664,2541,2593,2635,2366,2660,2621,2675,2593,2630,2583,2687,2547,2473,2690
2018-01,2965,2793,2768,2641,2824,2853,2776,2814,2801,2833,2695,2687,2714,2839,2868,2743,2846,1715,2687,2828,2193,2736,2708,2694,2696,2779,2635,2799,2727,2683,2463,2639,2587,2706,2703,2767,2466,2834,2261,2272,2671,2585,2640,2599,2682,2611,2614,,2637,2768,2688,2207,2689,2521,2511,,2560,2793,2616,2502,2585,2743,2734,2461,2691,2364,2732,2684,2693,2683,2745,2572,2581,2579,2709,2649,2596,2703,2566,2398,2696,2667,2493,2631,2628,2470,2591,2664,2541,2593,2635,2366,2660,2621,2675,2593,2630,2583,2687,2547,2473,2690
2017-12,2986,2837,2810,2641,2824,2853,2776,2804,2736,2863,2600,2687,2770,2853,2854,2743,2725,1715,2682,2771,2193,2771,2708,2678,2696,2737,2635,2701,2759,2662,2463,2639,2644,2651,2645,2767,2451,2798,2261,2272,2688,2659,2640,2573,2718,2611,2614,,2672,2768,2629,2207,2689,2497,2511,,2560,2797,2616,2516,2682,2757,2712,2461,2641,2364,2760,2668,2750,2581,2745,2674,2632,2553,2655,2571,2596,2703,2566,2398,2696,2667,2499,2694,2614,2470,2591,2596,2541,2550,2631,2366,2702,2621,2675,2593,2655,2583,2621,2526,2473,2755
2017-11,2948,2875,2810,2641,2747,2857,2776,2728,2736,2863,2600,2764,2770,2853,2889,2743,2801,1715,2682,2771,2193,2771,2704,2724,2696,2737,2607,2701,2759,2662,2463,2639,2644,2651,2645,2767,2417,2798,2261,2272,2688,2659,2640,2573,2718,2611,2614,,2672,2768,2629,2207,2689,2497,2511,,2560,2797,2616,2516,,2767,2712,2461,2641,2364,2760,2668,2750,2581,2745,2658,2632,2553,2645,2571,2596,2703,2566,2398,2696,2667,2499,2694,2614,2470,2591,2596,2526,2550,2631,2366,2702,2621,2675,2593,2655,2583,2621,2526,2473,2755
2017-10,2948,2875,2810,2641,2747,2857,2776,2728,2736,2863,2600,2764,2783,2853,2889,2743,2801,1715,2682,2787,2193,2771,2704,2724,2696,2737,2632,2701,2759,2662,2460,2639,2644,2651,2637,2775,2417,2729,2261,2272,2688,2659,2686,2573,2718,2586,2639,,2672,2768,2656,2125,2692,2497,2528,,2542,2797,2589,2516,,2767,2712,2461,2641,2364,2760,2668,2750,2581,2745,2658,2632,2553,2645,2571,2596,2697,2566,2309,2696,2670,2574,2694,2677,2470,2591,2596,2513,2550,2631,2366,2702,2621,2675,2593,2655,2583,2621,2526,2473,2755
2017-09,2948,2875,2810,2638,2747,2857,2776,2728,2736,2863,2600,2764,2783,2853,2889,2755,2801,1715,2682,2815,2128,2762,2704,2740,2696,2737,2647,2680,2759,2662,2469,2639,2644,2651,2637,2775,2417,2717,2261,2272,2688,2659,2686,2573,2718,2567,2639,,2672,2768,2656,2125,2692,2454,2528,,2542,2797,2589,2516,,2767,2712,2461,2641,2364,2760,2668,2750,2581,2745,2658,2632,2553,2645,2571,2596,2697,2566,2295,2668,2670,2591,2694,2677,2470,2591,2596,2513,2550,2631,2366,2702,2621,2675,2593,2655,2583,2621,2526,2478,2755
2017-08,2948,2875,2787,2626,2747,2868,2776,2806,2756,2794,2600,2796,2783,2853,2807,2755,2801,1715,2682,2815,2088,2747,2704,2740,2696,2737,2674,2680,2759,2677,2414,2639,2644,2619,2637,2790,2421,2746,2261,2312,2688,2659,2686,2573,2718,2592,2639,,2672,2768,2656,2125,2692,2454,2528,,2542,2797,2589,2478,,2767,2748,2461,2684,2317,2782,2668,2750,2581,2745,2610,2632,2553,2622,2571,2596,2697,2566,2295,2668,2678,2548,2694,2677,2470,2591,2596,2513,2537,2620,2366,2702,2621,2675,2593,2655,2574,2621,2539,2467,2796
2017-07,2899,2875,2793,2572,2724,2868,2723,2806,2766,2786,2600,2796,2783,2890,2814,2755,2801,1715,2682,2815,2088,2747,2704,2740,2696,2737,2629,2680,2759,2677,2414,2639,2644,2619,2611,2784,2421,2746,2261,2312,2688,2659,2686,2573,2718,2592,2639,,2672,2768,2656,2125,2685,2454,2528,,2571,2797,2589,2478,,2767,2748,2461,2684,2317,2782,2668,2750,2581,2745,2610,2632,2553,2649,2571,2596,2697,2566,2295,2682,2665,2523,2694,2625,2470,2591,2596,2479,2539,2620,2300,2702,2621,2675,2593,2655,2574,2621,2539,2467,2796
2017-06,2914,2875,2793,2572,2791,2865,2776,2800,2766,2753,2600,2796,2772,2825,2791,2755,2813,1619,2682,2815,2088,2747,2710,2740,2696,2737,2629,2680,2759,2677,2414,2639,2644,2619,2611,2784,2421,2746,2261,2312,2688,2659,2686,2573,2718,2592,2639,,2672,2768,2656,2037,2685,2454,2528,,2571,2797,2589,2478,,2745,2748,2461,2684,2272,2782,2668,2750,2581,2745,2610,2632,2553,2618,2571,2596,2697,2566,2295,2682,2665,2523,2694,2625,2470,2591,2596,2479,2539,2620,2300,2702,2621,2675,2593,2655,2574,2627,2539,2467,2796
2017-05,2914,2875,2793,2581,2791,2865,2776,2800,2766,2753,2600,2796,2772,2825,2791,2755,2813,1619,2680,2815,2088,2747,2710,2716,2696,2768,2627,2735,2759,2677,2414,2639,2644,2610,2611,2784,2421,2746,2261,2312,2688,2659,2686,2573,2718,2552,2639,,2672,2768,2656,2037,2685,2454,2528,,2571,2797,2589,2478,,2745,2748,2461,2684,2272,2782,2668,2737,2581,2745,2610,2632,2553,2618,2571,2596,2697,2566,2295,2685,2665,2520,2694,2625,2446,2591,2596,2502,2549,2620,2300,2702,2621,2675,2593,2655,2574,2627,2539,2467,2796
2017-04,2914,2875,2793,2581,2791,2865,2776,2800,2766,2753,2600,2796,2772,2825,2791,2755,2813,1619,2680,2815,2075,2747,2710,2716,2696,2768,2627,2735,2759,2677,2458,2639,2644,2610,2602,2784,2421,2746,2261,2312,2688,2659,2686,2573,2718,2552,2639,,2672,2768,2656,2037,2685,2454,2528,,2571,2797,2589,2478,,2740,2748,2461,2684,2272,2793,2668,2737,2581,2745,2610,2632,2553,2618,2571,2596,2697,2566,2304,2685,2665,2507,2694,2625,2446,2591,2596,2476,2549,2620,2307,2702,2621,2675,2593,2655,2574,2627,2539,2467,2796
2017-03,2914,2875,2793,2579,2791,2865,2776,2800,2766,2753,2600,2796,2772,2825,2883,2755,2813,1619,2680,2815,2075,2747,2710,2716,2670,2768,2539,2720,2759,2677,2370,2639,2644,2608,2637,2804,2421,2785,2261,2312,2688,2659,2686,2521,2718,2564,2639,,2672,2768,2651,1886,2685,2454,2496,,2599,2797,2589,2478,,2740,2748,2339,2665,2156,2734,2668,2737,2489,2745,2681,2632,2553,2585,2571,2620,2675,2476,2304,2731,2624,2471,2694,2640,2399,2591,2596,2468,2537,2620,2307,2702,2705,2701,2593,2655,2607,2627,2533,2467,2765
2017-02,2914,2875,2793,2567,2791,2851,2776,2800,2766,2753,2600,2796,2772,2825,2883,2755,2813,1619,2680,2815,2075,2747,2710,2716,2670,2768,2577,2734,2759,2677,2370,2639,2644,2608,2637,2804,2421,2777,2261,2312,2688,2659,2686,2521,2718,2564,2639,,2672,2768,2685,1886,2685,2454,2496,,2599,2797,2589,2478,,2740,2748,2339,2665,2156,2734,2668,2737,2455,2745,2681,2632,2553,2585,2571,2620,2675,2476,2304,2731,2624,2519,2694,2640,,2591,2596,2468,2537,2620,2307,2702,2705,2701,2593,2655,2607,2627,2533,2467,2765
2017-01,2914,2875,2793,2567,2791,2851,2776,2800,2766,2753,2600,2796,2761,2825,2883,2755,2813,1619,2680,2815,2075,2747,2710,2716,2670,2768,2541,2734,2759,2677,2370,2639,2644,2608,2637,2804,2421,2777,2261,2312,2688,2659,2686,2492,2718,2557,2639,,2672,2768,2685,1886,2685,2454,2496,,2599,2797,2589,2478,,2740,2748,2339,2665,1965,2734,2668,2737,2455,2745,2678,2632,2553,2585,2571,2620,2675,2476,2304,2731,2624,2519,2694,2640,,2591,2596,2475,2537,2620,2307,2702,2705,2701,2593,2655,2607,2627,2533,2467,2765
2016-12,2873,2875,2830,2474,2791,2842,2776,2800,2754,2830,2600,2783,2813,2823,2800,2800,2761,1619,2680,2719,2075,2747,2710,2636,2682,2768,2585,2712,2759,2648,2350,2639,2644,2562,2637,2724,2354,2847,2261,2312,2613,2659,2756,2492,2666,2557,2639,,2661,2768,2685,1886,2685,2454,2496,,2599,2797,2623,2478,,2636,2754,2339,2667,1965,2666,2632,2737,2455,2745,2664,2647,2553,2670,2649,2586,2675,2476,2292,2668,2624,2488,2676,2605,,2591,2596,2437,2522,2600,2336,2702,2705,2701,2602,2672,2607,2627,2533,2467,2770
2016-11,2873,2875,2830,2463,2791,2842,2776,2800,2754,2830,2600,2783,2813,2823,2800,2800,2761,1619,2680,2719,2075,2747,2710,2636,2682,2768,2606,2712,2759,2648,2350,2639,2644,2562,2637,2724,2354,2847,2261,2299,2613,2659,2756,2492,2666,2557,2639,,2661,2768,2685,1886,2685,2454,2496,,2599,2797,2623,2478,,2644,2754,2339,2667,1965,2666,2632,2737,2455,2745,2664,2647,2553,2670,2649,2586,2675,2476,2292,2668,2624,2502,2676,2605,,2591,2596,2404,2522,2600,2355,2702,2705,2701,2602,2672,2607,2627,2533,2467,2770
2016-10,2873,2875,2830,2463,2791,2842,2776,2800,2754,2830,2600,2783,2813,2823,2800,2800,2761,1619,2680,2675,2075,2747,2710,2636,2717,2768,2606,2712,2759,2648,2333,2639,2644,2562,2669,2746,2354,2781,2261,2299,2613,2659,2756,2492,2666,2557,2639,,2661,2768,2702,1886,2685,2454,2500,,2599,2797,2623,2478,,2644,2754,2339,2667,1965,2666,2632,2737,2455,2745,2664,2647,2553,2670,2649,2586,2732,2440,2292,2661,2624,2488,2676,2605,,2591,2596,2404,2522,2600,2355,2702,2705,2701,2602,2672,2607,2627,2533,2464,2770
2016-09,2873,2875,2840,2463,2791,2842,2766,2800,2790,2826,2600,2783,2748,2823,2800,2800,2761,1619,2680,2675,2075,2747,2710,2636,2717,2768,2569,2712,2759,2648,2333,2639,2644,2562,2669,2746,2354,2781,2261,2299,2613,2659,2793,2434,2666,2557,2639,,2661,2768,2714,1886,2685,2454,2500,,2596,2795,2640,2478,,2644,2754,2339,2667,1965,2666,2624,2737,2455,2765,2664,2647,2553,2670,2649,2586,2732,2440,2292,2661,2624,2391,2676,2605,,2591,2596,2408,2545,2600,2355,2702,2705,2701,2602,2672,2607,2627,2541,2464,2770
2016-08,2873,2875,2840,2463,2791,2842,2766,2800,2790,2826,2600,2783,2748,2823,2800,2800,2761,1619,2680,2675,2075,2747,2710,2608,2717,2768,2569,2712,2759,2663,2333,2639,2644,2562,2669,2734,2354,2781,2261,2334,2634,2659,2793,2434,2666,2520,2639,,2661,2768,2732,1886,2685,2454,2500,,2596,2795,2640,2478,,2644,2754,2339,2697,1965,2666,2624,2737,2455,2765,2664,2647,2553,2670,2649,2586,2732,2440,2292,2698,2604,2425,2676,2605,,2591,2596,2389,2554,2618,2212,2702,2705,2701,2602,2672,2607,2627,2541,2464,2770
2016-07,2873,2875,2840,2413,2791,2842,2766,2800,2790,2826,2600,2783,2748,2823,2800,2800,2761,1619,2680,2675,2075,2747,2710,2608,2717,2768,2472,2712,2759,2663,2333,2639,2673,2562,2669,2734,2354,2781,2261,2334,2634,2659,2793,2434,2666,2520,2639,,2661,2768,2732,1886,2685,2454,2500,,2596,2795,2640,2478,,2644,2754,2339,2697,1965,2666,2624,2737,2455,2765,2664,2647,2553,2670,2649,2586,2715,2440,2278,2698,2632,2425,2676,2605,,2591,2596,2389,2585,2618,2176,2702,2705,2701,2602,2672,2607,2627,2541,2464,2770
2016-06,2915,2875,2846,2428,2726,2883,2822,2665,2764,2798,2600,2783,2714,2871,2801,2800,2766,1619,2680,2759,2075,2805,2644,2646,2717,2784,2472,2712,2759,2686,2251,2639,2673,2565,2656,2734,2354,2722,2261,2280,2634,2659,2793,2434,2666,2520,2639,,2661,2768,2732,1772,2685,2454,2500,,2596,2754,2640,2478,,2669,2754,2339,2699,1958,2666,2624,2736,2455,2792,2690,2647,2566,2655,2649,2586,2715,2440,2192,2698,2632,2425,2675,2605,,2591,2596,2390,2562,2611,2216,2702,2705,2701,2602,2672,2607,2627,2541,2464,2796
2016-05,2915,2875,2846,2417,2726,2883,2822,2665,2764,2798,2600,2783,2714,2871,2801,2800,2766,1619,2678,2759,2075,2805,2644,2646,2717,2784,2472,2712,2759,2686,2251,2639,2673,2565,2656,2734,2354,2722,2261,2280,2634,2659,2793,2434,2666,2520,2639,,2661,2768,2732,1772,2685,2454,2500,,2596,2754,2640,2478,,2669,2754,2339,2699,1958,2666,2624,2736,2457,2792,2690,2647,2566,2655,2649,2586,2715,2426,2133,2698,2632,2377,2675,2605,,2591,2596,2390,2562,2611,2200,2702,2705,2701,2602,2672,2607,2627,2541,2464,2796
2016-04,2890,2875,2846,2415,2726,2883,2793,2665,2764,2814,2600,2783,2714,2872,2801,2800,2766,1619,2678,2759,1982,2799,2647,2654,2717,2784,2447,2712,2774,2686,2251,2639,2673,2557,2656,2734,2308,2722,2261,2280,2617,2679,2793,2434,2666,2520,2639,,2661,2768,2732,1712,2685,2454,2475,,2596,2754,2640,2478,,2637,2754,2339,2707,1846,2671,2633,2736,2457,2792,2690,2647,2566,2655,2649,2586,2715,2426,2106,2698,2632,2377,2675,2605,,2591,2596,2390,2562,2611,2200,2702,2705,2701,2604,2672,2607,2627,2541,2464,2796
2016-03,2890,2688,2813,2293,2726,2883,2793,2665,2764,2814,2600,2743,2748,2872,2801,2800,2851,1619,2678,2759,1851,2799,2647,2615,2727,2744,2457,2712,2661,2666,2251,2639,2743,2557,2670,2713,2308,2724,2261,2280,2660,2679,2733,2464,2674,2602,2639,,2661,2768,2735,1608,2685,2454,2512,,2572,2754,2640,2478,,2628,2739,2233,2693,1846,2716,2651,2736,2469,2767,2690,2631,2566,2638,2649,2635,2706,2426,2106,2662,2592,2429,2675,2618,,2591,2596,2390,2518,2650,2200,2702,2648,2701,2604,2692,2612,2627,2541,2464,2810
2016-02,2890,2688,2813,2293,2726,2884,2793,2665,2764,2814,2600,2743,2748,2871,2801,2800,2851,1619,2678,2759,1851,2799,2647,2615,2727,2744,2457,2712,2661,2666,2148,2639,2743,2557,2670,2713,2308,2712,2261,2282,2660,2679,2733,2464,2674,2602,2639,,2661,2768,2735,1608,2685,2454,2512,,2572,2754,2640,2478,,2628,2739,2233,2693,1846,2727,2651,2736,2469,2767,2690,2631,2566,2638,2649,2635,2706,2426,2106,2662,2592,2429,2648,2618,,2591,2596,2390,2518,2650,2200,2702,2648,2701,2604,2692,2612,2627,2541,2464,2810
2016-01,2890,2688,2813,2293,2726,2884,2793,2665,2764,2814,2600,2743,2748,2871,2801,2800,2851,1619,2678,2759,1851,2799,2647,2615,2727,2744,2457,2712,2661,2666,2148,2639,2743,2557,2670,2713,2308,2712,2261,2282,2660,2679,2733,2464,2674,2596,2639,,2669,2768,2735,1608,2685,2454,2512,,2572,2754,2640,2478,,2628,2739,2233,2693,1846,2727,2651,2736,2441,2767,2630,2631,2566,2638,2649,2635,2706,2426,2106,2662,2592,2429,2648,2618,,2560,2596,2390,2476,2650,2200,2702,2648,2701,2604,2692,2612,2627,2541,2464,2810
2015-12,2878,2688,2813,2293,2726,2884,2793,2665,2764,2814,2600,2743,2748,2871,2801,2800,2851,1619,2678,2759,1782,2799,2647,2615,2727,2744,2457,2724,2661,2666,2148,2639,2743,2557,2670,2713,2308,2712,2261,2282,2660,2679,2733,2464,2674,2548,2639,,2669,2768,2735,1608,2685,2454,2512,,2589,2754,2640,2478,,2628,2786,2233,2721,1846,2727,2651,2736,2441,2775,2665,2631,2566,2638,2649,2635,2706,2426,2106,2662,2592,2368,2686,2598,,2560,2596,2386,2476,2650,2200,2702,2648,2701,2604,2692,2612,2619,2541,2461,2769
2015-11,2878,2688,2813,2272,2726,2884,2793,2665,2764,2814,2600,2738,2748,2871,2801,2800,2851,1619,2678,2759,1782,2799,2647,2615,2727,2744,2436,2724,2661,2666,2148,2639,2743,2557,2670,2713,2308,2712,2251,2282,2660,2679,2733,2464,2674,2548,2639,,2669,2768,2735,1608,2685,2454,2512,,2589,2754,2640,2478,,2628,2786,2233,2721,1846,2727,2651,2736,2441,2775,2665,2631,2566,2638,2649,2635,2706,2426,2106,2662,2592,2368,2686,2598,,2560,2596,2377,2417,2650,2200,2702,2648,2701,2604,2692,2612,2619,2529,2461,2769
2015-10,2914,2688,2831,2272,2726,2887,2793,2665,2791,2817,2600,2717,2749,2854,2759,2808,2814,1619,2675,2781,1782,2799,2647,2606,2655,2744,2436,2724,2680,2634,2108,2639,2749,2585,2670,2642,2308,2712,2251,2282,2660,2680,2694,2354,2682,2548,2639,,2688,2752,2765,1608,2685,2454,2512,,2572,2726,2630,2478,,2720,2806,2233,2684,1846,2705,2651,2641,2441,2743,2665,2631,2566,2638,2649,2635,2706,2426,2026,2710,2592,2400,2688,2609,,2560,2610,2377,2345,2651,2200,2702,2555,2701,2647,2707,2562,2652,2503,2461,2777
2015-09,2914,2688,2840,2187,2726,2887,2793,2665,2791,2817,2600,2717,2749,2854,2759,2808,2814,1619,2675,2766,1782,2799,2647,2606,2655,2744,2455,2724,2680,2634,2108,2639,2749,2585,2621,2646,2308,2712,2251,2247,2660,2680,2694,2354,2682,2552,2639,,2688,2752,2765,1608,2685,2454,2512,,2484,2726,2630,2478,,2711,2806,2233,2684,1846,2705,2651,2641,2441,2743,2665,2631,2566,2638,2649,2653,2706,2426,2026,2710,2619,2400,2688,2626,,2560,2610,2406,2345,2651,2129,2702,2563,2701,,2698,2562,2652,2503,2461,2777
2015-08,2914,2688,2840,2187,2726,2887,2793,2665,2791,2817,2600,2717,2749,2854,2759,2808,2814,1619,2675,2742,1782,2828,2647,2606,2655,2744,2156,2724,2680,2634,2108,2639,2749,2550,2621,2646,2308,2712,2251,2252,2660,2680,2694,2354,2682,2555,2639,,2688,2752,2765,1608,2685,2454,2512,,2512,2726,2630,2478,,2682,2806,2233,2704,1846,2705,2651,2641,2342,2743,2665,2631,2566,2638,2649,2653,2706,2402,2026,2710,2619,2400,2688,2626,,2560,2610,2390,2341,2623,2129,2702,2563,2659,,2698,2520,2652,2499,2461,2777
2015-07,2914,2688,2840,2169,2726,2887,2793,2665,2791,2817,2600,2717,2749,2854,2759,2808,2814,1619,2675,2742,1782,2828,2647,2588,2706,2744,2156,2694,2680,2634,2108,2639,2749,2550,2621,2641,2308,2712,2251,2269,2634,2680,2694,2354,2682,2555,2639,,2688,2752,2798,1608,2685,2454,2512,,2512,2760,2630,2478,,2632,2806,2233,2718,1846,2705,2651,2641,2342,2743,2665,2631,2566,2638,2649,2653,2706,2402,2026,2752,2593,2400,2672,2626,,2560,2610,2390,2341,2623,2067,2702,2563,,,2698,2520,2652,2499,2461,2777
2015-06,2933,2688,2840,2169,2726,2883,2771,2679,2767,2816,2600,2717,2749,2826,2759,2808,2839,1604,2675,2742,1782,2828,2641,2588,2706,2744,2156,2694,2680,2634,2108,2639,2749,2550,2621,2641,2308,2712,2290,2184,2634,2680,2694,2354,2682,2526,2639,,2688,2752,2798,1608,2685,2454,2512,,2512,2760,2630,2478,,2632,2806,2233,2726,1846,2705,2651,2641,2269,2743,2665,2631,2566,2638,2649,2653,2706,2402,2026,2752,2593,2372,2672,2626,,2560,2610,2374,2341,2623,2067,2702,2563,,,2698,2520,2652,2499,2461,2772
2015-05,2933,2688,2846,2169,2726,2883,2771,2679,2767,2816,2600,2717,2749,2826,2759,2808,2839,1604,2651,2738,1782,2828,2641,2588,2706,2716,2156,2694,2680,2634,2044,2639,2749,2550,2630,2626,2308,2623,2338,2130,2634,2680,2694,2354,2682,2526,2619,,2688,2752,2798,1608,2652,2454,2517,,2512,2760,2630,2478,,2632,2798,2233,2726,1846,2746,2651,2641,2240,2743,2665,2631,2566,2628,2649,2688,2704,2402,2026,2752,2593,2372,2672,2599,,2560,2610,2374,2341,2623,2051,2702,2563,,,2747,2520,2652,2499,2461,2772
2015-04,2933,2688,2798,2115,2726,2883,2771,2679,2767,2816,2628,2717,2808,2826,2751,2808,2852,1604,2651,2716,1782,2828,2641,2588,2706,2705,2082,2694,2680,2591,2044,2639,2749,2532,2588,2681,2301,2623,,2130,2634,2680,2669,2320,2682,2526,2619,,2688,2752,2678,1608,2652,2454,2499,,2495,2760,2630,2478,,2627,2798,2233,2774,1846,2742,2651,2641,2282,2743,2665,2631,2566,2628,2649,2688,2704,2402,2026,2709,2593,2419,2653,2641,,2560,2610,2275,2334,2673,2051,2702,2563,,,2747,2535,2652,2473,2461,2767
2015-03,2948,2688,2798,2083,2726,2883,2771,2679,2767,2816,2668,2711,2808,2826,2751,2808,2852,1604,2651,2716,1782,2828,2641,2588,2706,2705,2082,2694,2680,2591,2044,2601,2749,2532,2588,2681,2301,2623,,2094,2634,2680,2669,2320,2682,2526,2619,,2688,2752,2682,1608,2652,2454,2499,,2495,2760,2630,2478,,2627,2798,2233,2774,1846,2742,2651,2641,2282,2743,2665,2616,2566,2628,2649,2688,2704,2402,2026,2709,2614,2419,2653,2641,,2560,2610,2275,2299,2673,2051,2702,2563,,,2738,2535,2652,2473,2461,2767
2015-02,2948,2688,2798,2083,2726,2883,2771,2679,2767,2816,2668,2710,2808,2826,2751,2808,2852,1604,2651,2716,1744,2828,2641,2588,2706,2705,2082,2694,2680,2591,2044,2601,2749,2532,2588,2681,2291,2623,,2028,2634,2680,2669,2285,2682,2526,2619,,2688,2752,2682,1493,2652,2454,2499,,2495,2760,2630,2478,,2627,2798,2233,2703,1846,2742,2651,2641,2282,2743,2665,2616,2566,2628,2649,2688,2704,2402,2026,2709,2614,2419,2653,2641,,2560,2610,2275,2299,2673,2051,2702,2563,,,2738,2535,2652,2473,2461,2767
2015-01,2948,2688,2798,2083,2726,2883,2771,2679,2767,2816,2668,2710,2808,2826,2751,2808,2852,1604,2651,2716,1744,2828,2641,2588,2706,2705,2082,2694,2680,2591,2044,2601,2749,2532,2588,2681,2291,2623,,2028,2634,2680,2669,2285,2682,2526,2619,,2688,2752,2682,1493,2652,2454,2499,,2495,2760,2630,2478,,2627,2798,2233,2703,1846,2742,2651,2641,2282,2743,2665,2616,2566,2628,2670,2688,2704,2402,2026,2709,2614,2399,2653,2641,,2560,2610,2193,2299,2673,2051,2702,2563,,,2738,2535,2652,2473,2461,2767
2014-12,2948,2688,2788,1990,2726,2906,2757,2695,2811,2850,2668,2728,2866,2776,2751,2715,2819,1604,2525,2716,1744,2828,2641,2588,2695,2693,2082,2694,2728,2629,2044,2601,2749,2532,2588,2681,2291,2623,,2028,2634,2680,2669,2285,2743,2468,2619,,2688,2715,2642,1493,2652,2454,2499,,2495,2760,2630,2494,,2624,2705,2233,2682,1846,2752,2651,2641,2282,2757,2665,2616,2566,2628,,2688,2704,2402,2026,2684,2614,2399,2653,2671,,2560,2610,2193,2299,2664,2051,2702,2601,,,2738,2535,2739,2473,2461,2767
2014-11,2948,2688,2880,1926,2726,2906,2757,2695,2811,2850,2668,2728,2824,2776,2701,2715,2724,1616,2525,2716,1744,2828,2641,2575,2695,2693,2082,2694,2728,2629,2044,2601,2749,2522,2588,2681,2215,2623,,2028,2634,2680,2725,2285,2743,2468,2619,,2688,2715,2642,1493,2652,2454,2499,,2495,2756,2630,,,2640,2705,2233,2647,1846,2752,2651,2641,2282,2719,2665,2616,2572,2638,,2688,2704,2402,2022,2684,2614,2399,2653,2648,,2560,2610,2165,2299,2664,2051,2702,2601,,,2738,2535,2739,2473,2461,2767
2014-10,2948,2688,2880,1926,2726,2906,2757,2695,2811,2850,2668,2728,2824,2776,2701,2715,2724,,2525,2716,1744,2828,2641,2575,2695,2693,2082,2694,2728,2629,1924,2601,2749,2522,2635,2681,2215,2623,,2028,2634,2680,2725,2285,2743,2468,2619,,2688,2715,2642,1493,2652,2454,2499,,2495,2756,2630,,,2640,2705,2233,2647,1846,2752,2651,2641,2282,2719,2665,2616,2572,2649,,2688,2704,2402,2022,2684,2614,2390,2653,2648,,2560,2610,2165,2280,2664,1951,2702,2601,,,2738,2535,2739,2473,2461,2767
2014-09,2948,2688,2880,1926,2726,2906,2757,2695,2811,2850,2668,2728,2824,2776,2732,2715,2777,,2525,2716,1744,2828,2641,2575,2705,2693,2082,2694,2728,2629,1924,2601,2749,2522,2635,2711,2215,2623,,2028,2634,2680,2725,2285,2743,2435,2619,,2688,2715,2692,1493,2652,2454,2489,,2495,2756,2630,,,2640,2705,2233,2690,1846,2752,2651,2641,2282,2719,2665,2616,2572,2649,,2662,2704,2402,2022,2684,2614,2390,2653,2648,,2560,2610,2165,2280,2664,1951,2702,2601,,,2705,2535,2739,2473,2461,2767
2014-08,2948,2688,2880,1926,2726,2906,2757,2695,2811,2850,2668,2728,2824,2776,2732,2715,2777,,2525,2716,1744,2828,2641,2575,2705,2693,2082,2694,2728,2632,1924,2601,2749,2522,2635,2711,2215,2623,,2028,2634,2680,2725,2285,2743,2435,2619,,2688,2715,2692,1493,2652,2454,2461,,2490,2756,2630,,,2640,2705,2233,2716,1846,2752,2651,2641,2282,2719,2665,2616,2572,2649,,2662,2704,2402,2022,2684,2614,2390,2653,2648,,2560,2610,2165,2280,2645,1951,2702,2601,,,2705,2535,2739,2473,2461,2767
2014-07,2948,2688,2880,1926,2726,2906,2757,2695,2811,2850,2668,2728,2824,2776,2732,2715,2777,,2525,2716,1744,2828,2641,2575,2705,2693,2082,2694,2728,2632,1924,2601,2749,2522,2642,2711,2215,2623,,2028,2634,2680,2725,2285,2743,2477,2619,,2688,2715,2692,1493,2652,2454,2461,,2490,2756,2630,,,2625,2705,2233,2680,1846,2754,2651,2641,2205,2719,2665,2616,2572,2649,,2662,2704,2402,2022,2684,2614,2386,2653,2648,,2560,2610,2165,2280,2645,1893,2702,2601,,,2705,2535,2739,2473,2461,2767
2014-06,2837,2671,2816,1926,2734,2879,2755,2697,2827,2863,2668,2728,2822,2835,2866,2706,2801,,2525,2716,1744,2817,2666,2569,2674,2668,2082,2771,2669,2628,1909,2601,2689,2522,2642,2729,2215,2623,,1995,2634,2674,2725,2285,2726,2477,2619,,2636,2715,2628,1432,2652,2454,2461,,2490,2757,2630,,,2539,2705,2233,2676,1806,2758,2651,2657,2205,2719,2665,2643,2572,2667,,2707,2700,2402,1998,2618,2620,2386,2657,2657,,2531,2628,2165,2280,2581,1899,2702,2601,,,2700,2535,2744,2473,2461,2766
2014-05,2837,2671,2816,1926,2734,2879,2755,2697,2827,2863,2668,2728,2822,2835,2866,2706,2801,,2525,2716,1744,2817,2666,2569,2674,2668,2082,2771,2669,2628,1909,2601,2689,2522,2642,2729,2215,2623,,,2634,2674,2725,2285,2726,2469,2619,,2636,2715,2593,1432,2652,2454,2461,,2490,2757,2630,,,2539,2705,2168,2672,1806,2758,2651,2657,2151,2719,2665,2643,2572,2667,,2707,2700,2402,1998,2603,2620,2373,2657,2657,,2531,2628,2165,2280,2543,1899,2702,2601,,,2700,2535,2744,2473,2461,2766
2014-04,2837,2671,2816,1926,2734,2879,2755,2697,2827,2863,2668,2728,2822,2835,2866,2706,2801,,2525,2716,1744,2817,2666,2558,2674,2668,2082,2753,2631,2628,1909,2601,2689,2489,2642,2729,2177,2623,,,2634,2674,2725,2285,2726,2469,2619,,2636,2715,2593,1432,2612,2454,2461,,2490,2757,2630,,,2557,2705,2168,2672,1806,2797,2651,2681,2151,2719,2665,2643,2572,2667,,2707,2700,2402,1998,2603,2620,2373,2657,2657,,2531,2628,2165,2282,2543,1899,2702,2601,,,2700,2535,2744,2458,2461,2766
2014-03,2837,2671,2816,1926,2734,2879,2755,2697,2827,2863,2668,2725,2822,2835,2866,2706,2801,,2525,2716,1744,2817,2666,2558,2674,2668,2082,2753,2631,2628,1909,2601,2689,2489,2642,2729,2177,2623,,,2634,2674,2725,2285,2726,2469,2622,,2636,2715,2593,1432,2612,2454,2461,,2490,2757,2630,,,2557,2705,2168,2672,1806,2797,2651,2681,2151,2719,2665,2643,2572,2667,,2707,2725,2402,1998,2603,2620,2319,2657,2657,,2531,2628,2165,2282,2543,1899,2702,2601,,,2700,2535,2744,2458,2445,2766
2014-02,2837,2671,2816,1926,2734,2879,2755,2697,2827,2863,2668,2737,2822,2835,2866,2706,2801,,2525,2716,1744,2817,2666,2558,2649,2668,2082,2753,2631,2628,1909,2601,2689,2489,2642,2729,2177,2623,,,2634,2674,2725,2285,2726,2491,2622,,2636,2715,2593,1432,2612,2454,2461,,2490,2757,2630,,,2557,2705,2168,2672,1806,2797,2651,2681,2151,2719,2665,2643,2572,2667,,2707,2725,2402,1998,2603,2656,2319,2657,2657,,2531,2628,2165,2282,2543,1899,2702,2601,,,2700,2535,2744,2458,2445,2766
2014-01,2837,2671,2816,1926,2734,2879,2755,2697,2827,2863,2668,2737,2822,2835,2866,2706,2801,,2525,2716,1744,2817,2666,2558,2649,2668,2082,2753,2631,2628,1909,2601,2689,2489,2642,2729,2177,2623,,,2634,2674,2725,2285,2726,2491,2622,,2636,2715,2593,1432,2612,2454,2461,,2490,2757,2630,,,2557,2705,2168,2672,1806,2797,2651,2681,2151,2719,2629,2643,2572,2667,,2707,2725,2402,1998,2603,2656,2319,2657,2657,,2531,2628,2165,2282,2543,1899,2702,2585,,,2700,2535,2744,2458,2445,2766
2013-12,2837,2671,2830,1921,2734,2879,2748,2697,2827,2817,2598,2769,2721,2825,2837,2755,2798,,2512,2716,1723,2841,2666,2558,2649,2698,1999,2753,2631,2628,1904,2601,2702,2489,2642,2683,2177,2623,,,2634,2674,2725,2285,2711,2491,2622,,2668,2715,2593,1401,2612,2454,2461,,2490,2757,2630,,,2541,2690,2168,2672,1744,2753,2651,2681,2151,2719,2629,2643,2572,2635,,2707,2671,2402,2019,2607,2675,2319,2657,2657,,2531,2628,2159,2282,2543,1896,2702,2585,,,2743,2535,2744,2458,2409,2766
2013-11,2837,2671,2830,1921,2734,2879,2748,2697,2827,2817,2598,2769,2721,2825,2837,2755,2798,,2512,2716,1723,2841,2666,2558,2649,2698,1999,2753,2631,2628,1904,2601,2702,2489,2642,2683,2177,2623,,,2634,2674,2725,2285,,2491,2622,,2668,2715,2593,1401,2612,2454,2461,,2490,2757,2630,,,2541,2690,2168,2672,,2753,2651,2681,2151,2719,2629,2643,2572,2635,,2707,2671,2402,2019,2607,2675,2319,2657,2657,,2531,2628,2159,2282,2543,,2702,2585,,,2743,2535,2744,2458,2409,2766
2013-10,2837,2671,2821,1921,2734,2879,2748,2697,2827,2817,2598,2769,2721,2825,2837,2755,2774,,2512,2716,1723,2843,2666,2558,2649,2698,1999,2753,2631,2628,1904,2601,2702,2489,2644,2683,2177,2623,,,2634,2674,2725,2285,,2503,2622,,2668,2715,2594,1401,2612,2441,2461,,2487,2757,2630,,,2541,2690,2168,2664,,2753,2651,2681,2151,2719,2629,2643,2572,2621,,2707,2671,2402,2019,2651,2675,2319,2657,2657,,2531,2628,2159,2282,2543,,2702,2585,,,2743,2535,2744,2435,2409,2766
2013-09,2837,2671,2821,1921,2734,2879,2748,2697,2827,2817,2598,2769,2721,2825,2830,2755,2825,,2512,2716,1723,2843,2666,2558,2655,2698,1999,2753,2631,2628,1904,2601,2702,2489,2644,2721,2177,2623,,,2634,2676,2719,2285,,2502,2622,,2668,2715,2582,1401,2612,,2437,,2487,2757,2630,,,2541,2690,2118,2634,,2753,2651,2681,2163,2719,2629,2643,2572,2621,,2675,2671,2402,2019,2676,2675,2315,2657,2657,,2531,2628,2159,2282,2543,,2702,2571,,,2708,2535,2744,2435,2409,2766
2013-08,2837,2671,2821,1921,2734,2879,2685,2697,2827,2817,2598,2769,2721,2825,2830,2755,2825,,2512,2716,1723,2843,2666,2558,2655,2698,1999,2753,2631,2628,1904,2601,2702,2489,2644,2725,2177,2623,,,2634,2676,2719,2285,,2502,2622,,2668,2715,2582,1401,2612,,2437,,2487,2757,2630,,,2541,2690,,2634,,2753,2651,2681,2163,2719,2629,2643,2572,2621,,2675,2671,2402,2019,2676,2675,2275,2657,2657,,2531,2628,2159,2282,2543,,2702,2571,,,2708,2513,2744,2433,2409,2766
2013-07,2837,2649,2821,1921,2734,2879,2685,2697,2827,2817,2598,2769,2721,2825,2830,2755,2825,,2512,2716,1723,2839,2666,2558,2655,2698,1999,2748,2631,2628,1904,2601,2702,2489,2644,2725,2177,2623,,,2634,2676,2719,2285,,2502,2622,,2668,2715,2582,1401,2612,,2437,,2487,2757,2630,,,2510,2690,,2646,,2753,2651,2681,2163,2719,2629,2643,2572,2621,,2675,2671,2402,2019,2676,2715,2240,2638,2657,,2531,2628,2159,2296,2543,,2702,2571,,,2708,,2744,2433,2409,2766
2013-06,2856,2649,2813,1924,2685,2844,2685,2718,2786,2817,2598,2769,2777,2825,2873,2755,2858,,2512,2824,1723,2771,2666,2558,2734,2698,1978,2748,2631,2617,1904,2601,2723,2489,2644,2655,2177,2584,,,2634,2676,2719,2285,,2502,2628,,2678,2740,2582,1395,2612,,2437,,2487,2757,2693,,,2538,2690,,2679,,2753,2651,2681,2163,2694,2629,2609,2572,2621,,2633,2734,2402,1985,2676,2715,2224,2610,2728,,2531,2628,2171,2296,2543,,2702,2571,,,2725,,2744,2433,2409,2718
2013-05,2856,2649,2813,,2685,2844,2685,2718,,2817,2598,2769,2777,2825,2873,2755,2858,,2512,2824,1723,2735,2666,2558,,2698,1978,2748,2631,2617,1904,2601,2723,2477,2644,2655,2177,2584,,,2634,2657,2719,2285,,2452,2628,,,,2582,1395,2612,,2437,,2523,2757,2693,,,2538,2690,,2679,,2753,2686,2681,2154,2694,2648,2609,2572,2621,,,2734,2402,1985,2676,2715,2173,2613,2728,,2531,2628,2146,2296,2543,,2702,2571,,,2725,,2744,2440,2480,2703
2013-04,2856,2649,2813,,2685,2844,2685,2718,,2817,2598,2769,2777,2825,2873,2755,2858,,2512,2824,1723,2735,2666,2558,,2698,1978,2748,2631,2617,1904,2601,2723,2477,2644,2655,2128,2584,,,2634,2657,2719,2285,,2452,2628,,,,2582,1395,2612,,2437,,2523,2757,2693,,,2534,2690,,2684,,2753,,2681,2154,2694,2648,2609,2572,2615,,,2734,2402,1985,2676,2715,2173,2613,2728,,2531,2668,2146,2296,2543,,2702,2571,,,2725,,2744,2440,2480,2703
2013-03,2856,2649,2813,,2685,2844,2685,2718,,2817,2598,2769,2750,2825,2873,2755,2858,,2512,2824,1723,2735,2686,2558,,2698,1978,2748,2631,2617,1904,2601,2723,2477,2644,2655,2128,2584,,,2634,2657,2719,2285,,2416,2628,,,,2571,1395,2612,,2437,,2523,2757,2693,,,2534,2690,,2684,,2753,,2681,2154,2694,2648,2616,2572,2615,,,2734,2402,1985,2676,2715,2173,2613,2728,,2531,,2146,2317,2546,,2702,2571,,,2725,,2744,2440,2465,2749
2013-02,2856,2649,2723,,2685,2844,2685,2718,,2817,2598,2749,2734,2798,2901,2755,2860,,2512,2877,1723,2821,2686,2558,,2724,1978,2748,2631,2617,1904,2601,2723,2477,2627,2585,2128,2584,,,2634,2657,2719,2285,,2416,2628,,,,2514,1395,2619,,2437,,2523,2697,2719,,,2534,2690,,2652,,2700,,2709,2154,2694,2648,2616,2572,2615,,,2745,2402,1985,2676,2709,2173,2554,2652,,2531,,2146,2317,,,2702,2571,,,2725,,2704,2440,,2651
2013-01,2856,2649,2689,,2685,2844,2685,2718,,2817,2598,2749,2734,2798,2906,2755,2874,,2512,2877,1734,2821,2686,2558,,2724,1978,2748,2631,2617,1915,2601,2723,2477,2627,2585,2128,2584,,,2634,2657,2719,2285,,2416,2628,,,,2514,1395,2619,,2437,,2523,2697,2734,,,2534,2690,,2652,,2700,,,2154,2694,2628,2616,2572,2615,,,2745,2402,1978,2676,,2173,2554,2652,,2531,,2146,2317,,,2702,2571,,,2725,,,2440,,2651
2012-12,2856,2693,2689,,2685,2788,2720,2718,,2812,2621,2749,2701,2749,2877,2790,2923,,2468,2877,,2821,2686,2558,,2737,1978,2748,2631,2617,,2601,2666,2477,2627,2585,2039,2584,,,2634,2657,2719,2285,,2416,2628,,,,2514,1363,2637,,2437,,2523,2697,2734,,,2534,2710,,2652,,2700,,,2154,2694,2628,2633,2572,2615,,,2756,2402,,2676,,2194,2554,2652,,2531,,2146,2317,,,2702,2580,,,2725,,,2440,,2651
2012-11,2856,2693,2689,,2685,2788,,2718,,2812,,2749,2701,2749,2877,2790,2923,,,2877,,2821,2686,2558,,,1978,2748,2631,2617,,2601,,2477,2627,2585,,2584,,,2634,2657,2719,2285,,2416,2628,,,,2514,1363,,,2437,,2523,2697,2734,,,2534,,,2652,,2700,,,2154,2694,2628,2633,2572,2615,,,2756,2402,,2676,,2217,2554,2652,,2531,,2146,2317,,,2702,2580,,,2725,,,2440,,2651
2012-10,2856,2693,2689,,2685,2788,,2718,,2812,,2749,2701,2749,2877,2790,2923,,,2877,,2821,2686,2558,,,1978,2748,2631,2617,,2601,,2477,2627,2585,,2584,,,2634,2657,2719,2225,,2416,2628,,,,2514,1363,,,2437,,2514,2697,2734,,,2534,,,2652,,2700,,,2154,2694,2628,2633,2572,2615,,,2756,2402,,2676,,2100,2554,2652,,2531,,2146,2317,,,2702,2609,,,2725,,,2438,,2651
2012-09,2856,2693,2666,,2685,2788,,2718,,2812,,2749,2701,2749,2877,2790,2923,,,2877,,2821,2686,2558,,,1978,2748,2631,2617,,2601,,2477,2627,2589,,2584,,,2634,2657,2719,,,2416,2628,,,,2514,1363,,,2437,,2514,2697,2734,,,2534,,,2652,,2688,,,2154,2694,2628,2633,2572,2615,,,2756,2402,,2676,,2086,2554,2652,,2531,,2146,2317,,,2702,,,,2700,,,2438,,2651
2012-08,2856,2693,2666,,2685,2788,,2718,,2812,,2749,2701,2686,2877,2790,2923,,,2877,,2821,2686,2558,,,1944,2748,2631,2617,,2601,,2477,2627,2589,,2584,,,2634,2657,2719,,,2416,2628,,,,2506,1363,,,2457,,2514,2697,2734,,,2534,,,2650,,2688,,,2154,2694,2638,2633,2572,2615,,,2746,2402,,2663,,2086,2554,2683,,2531,,2136,2317,,,2702,,,,,,,2417,,2651
2012-07,2837,2680,2718,,2650,2778,,2775,,2816,,2749,2726,,2779,2788,2763,,,2700,,2693,2752,2401,,,,2656,2684,2697,,2601,,2530,2625,2521,,2477,,,2658,2693,2733,,,2416,2602,,,,2506,1347,,,2476,,2470,2749,2736,,,2543,,,2574,,2679,,,2139,2738,,2633,2660,2615,,,,2331,,,,2044,2613,,,2510,,,2256,,,2713,,,,,,,,,2628
2012-05,,,,,,,,,,,,2725,,,,,,,,,,,,,,,,,,,,2581,,,,2521,,,,,,,,,,2445,,,,,2510,1347,,,2454,,2470,,,,,2543,,,2588,,2678,,,,,,2636,,2615,,,,,,,,2046,,,,,,,,,,,,,,,,,,,
2012-03,,,,,,,,,,,,,,,,,,,,,,,,,,,,,,,,,,,,2521,,,,,,,,,,,,,,,2510,1340,,,,,2457,,,,,2522,,,2588,,,,,,,,2702,,2608,,,,,,,,,,,,,,,,,,,,,,,,,,,
2012-01,,,,,,,,,,,,,,,,,,,,,,,,,,,,,,,,,,,,2498,,,,,,,,,,,,,,,2525,,,,,,2467,,,,,,,,2587,,,,,,,,,,,,,,,,,,,,,,,,,,,,,,,,,,,,,
